Datetime,Open,High,Low,Close,Volume
2020-06-15 14:35:00-04:00,344.1099854,344.5698853,343.8800049,344.1400146,346839
2020-06-15 14:40:00-04:00,344.1549988,344.730011,344.0400085,344.2349854,384535
2020-06-15 14:45:00-04:00,344.2349854,344.769989,344.2099915,344.5499878,289037
2020-06-15 14:50:00-04:00,344.5549927,344.7999878,344.0599976,344.2900085,320827
2020-06-15 14:55:00-04:00,344.2850037,344.5799866,344.0499878,344.1600037,274847
2020-06-15 15:00:00-04:00,344.1400146,344.7799988,344.0899963,344.519989,321721
2020-06-15 15:05:00-04:00,344.4899902,344.4899902,343.730011,343.9967041,342985
2020-06-15 15:10:00-04:00,344.0299988,344.4500122,343.7900085,343.9501038,213934
2020-06-15 15:15:00-04:00,343.9599915,344.2000122,343.2000122,343.2399902,248918
2020-06-15 15:20:00-04:00,343.2399902,343.4299927,342.2200012,343.3299866,414288
2020-06-15 15:25:00-04:00,343.3200073,343.6250916,342.5,342.5499878,326349
2020-06-15 15:30:00-04:00,342.5716858,342.8500061,341.3002014,341.6336975,514082
2020-06-15 15:35:00-04:00,341.5899963,342.3999939,341.1900024,341.9399109,585650
2020-06-15 15:40:00-04:00,341.9298096,342.3330994,341.2712097,342.101593,465194
2020-06-15 15:45:00-04:00,342.0599976,342.9299927,341.8200989,342.1199951,572650
2020-06-15 15:50:00-04:00,342.1499939,342.8299866,341.5,342.0899048,630780
2020-06-15 15:55:00-04:00,342.1000061,345.6799927,342.1000061,343.0700073,1365548
2020-06-16 09:30:00-04:00,351.4599915,351.7495117,349.0499878,349.9899902,2538967
2020-06-16 09:35:00-04:00,350.6648865,351.230011,349.8599854,350.7831116,1097246
2020-06-16 09:40:00-04:00,350.7900085,352.730011,350.5700073,352.6400146,1233196
2020-06-16 09:45:00-04:00,352.6600037,353.0201111,351.2200928,351.2600098,1054429
2020-06-16 09:50:00-04:00,351.230011,352,350.3699951,351.9299927,805960
2020-06-16 09:55:00-04:00,351.8999939,352.1900024,351.6702881,351.8150024,523288
2020-06-16 10:00:00-04:00,351.7999878,352.3999939,351.1000061,351.6799927,595321
2020-06-16 10:05:00-04:00,351.6700134,352.1300049,351.2999878,351.6300049,362546
2020-06-16 10:10:00-04:00,351.6000061,351.9500122,351.3800049,351.7900085,388434
2020-06-16 10:15:00-04:00,351.7799988,352.4899902,351.4500122,352.230011,539065
2020-06-16 10:20:00-04:00,352.2099915,352.2099915,351.0299988,351.7449951,486835
2020-06-16 10:25:00-04:00,351.7578125,352.2600098,351.5599976,351.8099976,426580
2020-06-16 10:30:00-04:00,351.8500061,352.3500061,351.8400879,352.1600037,332633
2020-06-16 10:35:00-04:00,352.1600037,352.5700073,350.0299988,351.5072937,755869
2020-06-16 10:40:00-04:00,351.519989,351.5899963,349.6300964,349.9549866,601345
2020-06-16 10:45:00-04:00,349.9299927,350.4200134,348.8599854,350.1600037,739250
2020-06-16 10:50:00-04:00,350.1799927,350.2449951,347.1099854,347.7463074,791353
2020-06-16 10:55:00-04:00,347.6900024,348.7000122,346.1600037,346.5,753185
2020-06-16 11:00:00-04:00,346.3099976,347.9700012,344.7200012,347.7799988,1065476
2020-06-16 11:05:00-04:00,347.8898926,349.125,347.6099854,349.0857849,666500
2020-06-16 11:10:00-04:00,349.1199951,349.3900146,347.6000061,348.6214905,580378
2020-06-16 11:15:00-04:00,348.6700134,350.0400085,348.6700134,349.1000061,669026
2020-06-16 11:20:00-04:00,349.0801086,350.3500061,348.9599915,349.9599915,469047
2020-06-16 11:25:00-04:00,350,350.2099915,349.25,349.5,325124
2020-06-16 11:30:00-04:00,349.6099854,350.1600037,349.0599976,350.1199951,408095
2020-06-16 11:35:00-04:00,350.1099854,350.3399963,349.2600098,349.5899963,454935
2020-06-16 11:40:00-04:00,349.6400146,350.5999146,349.5000916,350.3299866,396908
2020-06-16 11:45:00-04:00,350.3800049,351.4898987,350.2000122,351.3200073,477067
2020-06-16 11:50:00-04:00,351.3100891,351.6199951,350.6099854,350.769989,398314
2020-06-16 11:55:00-04:00,350.8399963,350.8999939,350.0100098,350.3800049,330885
2020-06-16 12:00:00-04:00,350.4400024,350.75,349.3299866,349.9349976,371961
2020-06-16 12:05:00-04:00,349.9599915,350.1700134,349.3299866,349.5799866,231411
2020-06-16 12:10:00-04:00,349.5899963,350.1549988,349.1300049,350.0499878,323587
2020-06-16 12:15:00-04:00,350.0700073,350.4100037,349.4200134,349.6600037,231345
2020-06-16 12:20:00-04:00,349.730011,349.950592,349.2900085,349.6600037,198994
2020-06-16 12:25:00-04:00,349.7000122,350.6499939,349.5,350.5599976,265379
2020-06-16 12:30:00-04:00,350.519989,351.3900146,350.4599915,351.3299866,473811
2020-06-16 12:35:00-04:00,351.3049927,351.9899902,351.1900024,351.7799988,439933
2020-06-16 12:40:00-04:00,351.7999878,351.9458008,351.5,351.7001038,255952
2020-06-16 12:45:00-04:00,351.75,351.8399963,351.019989,351.0400085,336615
2020-06-16 12:50:00-04:00,351.0400085,351.5100098,350.7401123,351.0400085,472381
2020-06-16 12:55:00-04:00,351.0799866,351.2399902,350.7799988,351.0700073,274953
2020-06-16 13:00:00-04:00,351.1600037,351.5799866,351.0101013,351.0101013,269122
2020-06-16 13:05:00-04:00,351,351.4299927,350.7600098,351.3699951,287857
2020-06-16 13:10:00-04:00,351.3800049,351.6499939,351.0799866,351.4721069,233401
2020-06-16 13:15:00-04:00,351.4750061,351.7399902,351.1700134,351.7200012,239632
2020-06-16 13:20:00-04:00,351.7749939,352,351.7099915,351.9299927,314507
2020-06-16 13:25:00-04:00,351.9299011,352,351.4899902,351.7900085,281344
2020-06-16 13:30:00-04:00,351.7099915,352,351.5100098,351.7731934,314548
2020-06-16 13:35:00-04:00,351.7753906,351.8599854,351.1900024,351.2401123,309215
2020-06-16 13:40:00-04:00,351.25,351.9500122,351.2301025,351.855011,301024
2020-06-16 13:45:00-04:00,351.9100037,351.9500122,351.5100098,351.5429993,165616
2020-06-16 13:50:00-04:00,351.5700073,351.9100037,350.8800049,350.9299927,296779
2020-06-16 13:55:00-04:00,350.9299927,351.5899963,350.730011,351.4899902,311246
2020-06-16 14:00:00-04:00,351.4869995,352,351.4150085,351.9616089,261971
2020-06-16 14:05:00-04:00,351.9700012,352.2200012,351.6199951,351.9873962,377376
2020-06-16 14:10:00-04:00,351.9899902,352.9400024,351.9899902,352.691803,525951
2020-06-16 14:15:00-04:00,352.7049866,353.2000122,352.4899902,352.7099915,595605
2020-06-16 14:20:00-04:00,352.7365112,352.9200134,350.7900085,351.9549866,710995
2020-06-16 14:25:00-04:00,351.9400024,352.3900146,351.5300903,352.1799927,421510
2020-06-16 14:30:00-04:00,352.1650085,352.9500122,351.9100037,352.1600037,407281
2020-06-16 14:35:00-04:00,352.1600037,352.4500122,351.9100037,351.9249878,236652
2020-06-16 14:40:00-04:00,351.9500122,352.0700073,351.4750061,351.6801147,268540
2020-06-16 14:45:00-04:00,351.7200012,352.0599976,351.2101135,352.0371094,249326
2020-06-16 14:50:00-04:00,352.0205994,352.2099915,351.1601868,351.5851135,256159
2020-06-16 14:55:00-04:00,351.5899963,351.8799133,351.0599976,351.3391113,248358
2020-06-16 15:00:00-04:00,351.3200073,351.8699951,350.9299927,351.3800049,335201
2020-06-16 15:05:00-04:00,351.3399963,351.4500122,350.0499878,350.1900024,374978
2020-06-16 15:10:00-04:00,350.3197021,350.5599976,350.0506897,350.2399902,320831
2020-06-16 15:15:00-04:00,350.2650146,350.2650146,349.1700134,349.5299988,497997
2020-06-16 15:20:00-04:00,349.5400085,350.4899902,349.4400024,350.1749878,394367
2020-06-16 15:25:00-04:00,350.1600037,350.8999939,350.0599976,350.3999939,336102
2020-06-16 15:30:00-04:00,350.0899963,351.6099854,349.9700012,351.5100098,457352
2020-06-16 15:35:00-04:00,351.5100098,351.6799927,350.8700867,351.3797913,430448
2020-06-16 15:40:00-04:00,351.3599854,351.6499939,350.4299927,350.7099915,392839
2020-06-16 15:45:00-04:00,350.6499939,351.2099915,349.8077087,350.6116943,425359
2020-06-16 15:50:00-04:00,350.6900024,351.6149902,350.3099976,351.2200012,674145
2020-06-16 15:55:00-04:00,351.2301025,352.3200073,350.8200073,352.2000122,1403259
2020-06-17 09:30:00-04:00,355.1499939,355.3999939,353.5400085,354.1900024,2074825
2020-06-17 09:35:00-04:00,354.2170105,354.7399902,353.1600037,354.3500061,747534
2020-06-17 09:40:00-04:00,354.3099976,354.8599854,353.645813,354.8399963,753143
2020-06-17 09:45:00-04:00,354.8399963,355.1900024,353.8500061,354.2950134,647729
2020-06-17 09:50:00-04:00,354.2999878,354.3085938,353.25,353.7999878,711307
2020-06-17 09:55:00-04:00,353.7000122,353.9299927,352.8200073,353.8500061,636518
2020-06-17 10:00:00-04:00,353.8699951,354.4299927,353.6600037,353.8374939,623549
2020-06-17 10:05:00-04:00,353.8099976,354.6099854,353.75,354.3150024,433182
2020-06-17 10:10:00-04:00,354.3099976,354.5299988,353.7000122,353.9045105,396027
2020-06-17 10:15:00-04:00,353.9159851,354.2999878,352.3299866,352.6799927,706761
2020-06-17 10:20:00-04:00,352.6626892,353.7250061,352.5307007,352.7789917,449001
2020-06-17 10:25:00-04:00,352.769989,353.6300049,352.5899963,353.1700134,391724
2020-06-17 10:30:00-04:00,353.2449951,353.6199951,352.6238098,353.4305115,360170
2020-06-17 10:35:00-04:00,353.4450073,353.8099976,352.9700012,353.7000122,294915
2020-06-17 10:40:00-04:00,353.7055969,353.9299927,353.4400024,353.8800049,212951
2020-06-17 10:45:00-04:00,353.8800049,353.9899902,353.5499878,353.5599976,231073
2020-06-17 10:50:00-04:00,353.5799866,354.2900085,353.4299927,354.2365112,315305
2020-06-17 10:55:00-04:00,354.2399902,354.6900024,354.1801147,354.3900146,325317
2020-06-17 11:00:00-04:00,354.3599854,354.5700073,353.8800049,353.9484863,262423
2020-06-17 11:05:00-04:00,354,354.4299927,353.855011,354.2250061,259607
2020-06-17 11:10:00-04:00,354.2600098,354.5100098,353.9017944,353.9599915,248769
2020-06-17 11:15:00-04:00,353.9599915,354.1900024,353.2900085,353.5799866,299758
2020-06-17 11:20:00-04:00,353.5299988,353.6900024,353.0799866,353.1801147,235357
2020-06-17 11:25:00-04:00,353.2099915,353.5499878,352.9562073,353.519989,275133
2020-06-17 11:30:00-04:00,353.519989,353.5700073,353.1199951,353.3299866,197008
2020-06-17 11:35:00-04:00,353.3431091,354.0000916,353.3431091,353.9700012,290486
2020-06-17 11:40:00-04:00,354.0100098,354.0599976,353.7142029,354.0100098,207769
2020-06-17 11:45:00-04:00,354.0224915,354.1700134,353.75,353.7749939,229585
2020-06-17 11:50:00-04:00,353.7600098,354.0899963,353.6300049,353.9899902,200852
2020-06-17 11:55:00-04:00,354,354.5,354,354.4674988,289707
2020-06-17 12:00:00-04:00,354.480011,354.6499939,354.2099915,354.6300049,237231
2020-06-17 12:05:00-04:00,354.6210022,354.75,354.4500122,354.5899048,199745
2020-06-17 12:10:00-04:00,354.6099854,355.0899963,354.4500122,354.7399902,551284
2020-06-17 12:15:00-04:00,354.7099915,355,354.5903931,354.8200073,299837
2020-06-17 12:20:00-04:00,354.8200073,354.9100037,354.3399963,354.4100037,199536
2020-06-17 12:25:00-04:00,354.4328003,354.5400085,354.269989,354.4039917,124058
2020-06-17 12:30:00-04:00,354.3900146,355.1499939,354.3399963,354.8800049,302868
2020-06-17 12:35:00-04:00,354.8699951,355.0899963,354.7999878,354.8900146,153274
2020-06-17 12:40:00-04:00,354.8699951,355.0899963,354.7999878,354.9901123,144447
2020-06-17 12:45:00-04:00,355.019989,355.0899963,354.75,354.8599854,181239
2020-06-17 12:50:00-04:00,354.8500061,355.0799866,354.8099976,355.019989,158887
2020-06-17 12:55:00-04:00,355.019989,355.0700073,354.5,354.8200073,215911
2020-06-17 13:00:00-04:00,354.8399963,355.0700073,354.8200073,354.9558105,173818
2020-06-17 13:05:00-04:00,354.9299927,355.0350037,354.6700134,355,190161
2020-06-17 13:10:00-04:00,355.0050049,355.0899963,354.9299927,355.0400085,196655
2020-06-17 13:15:00-04:00,355.0374146,355.2000122,355,355.0799866,216912
2020-06-17 13:20:00-04:00,355.0899963,355.1600037,354.75,354.9025879,189183
2020-06-17 13:25:00-04:00,354.8999939,355.1000061,354.8200073,354.9249878,133165
2020-06-17 13:30:00-04:00,354.9200134,355.019989,354.7799988,354.9431152,128015
2020-06-17 13:35:00-04:00,354.9400024,355.0299072,354.8250122,354.9200134,132576
2020-06-17 13:40:00-04:00,354.9100037,355.25,354.730011,355.1799927,294148
2020-06-17 13:45:00-04:00,355.1600037,355.2399902,355.0299988,355.1586914,126171
2020-06-17 13:50:00-04:00,355.1554871,355.2099915,354.6600037,354.8099976,179632
2020-06-17 13:55:00-04:00,354.8299866,354.9200134,354.3800049,354.3800049,193926
2020-06-17 14:00:00-04:00,354.3999939,354.7000122,354.2399902,354.5840149,263269
2020-06-17 14:05:00-04:00,354.6099854,354.8500061,354.6099854,354.769989,175722
2020-06-17 14:10:00-04:00,354.7850037,355.019989,354.5899963,354.6799927,198416
2020-06-17 14:15:00-04:00,354.730011,354.8299866,354.480011,354.5599976,154450
2020-06-17 14:20:00-04:00,354.5632935,354.9100037,354.5632935,354.7999878,166118
2020-06-17 14:25:00-04:00,354.8099976,354.8800049,354.269989,354.8099976,186999
2020-06-17 14:30:00-04:00,354.7999878,354.8537903,354.5,354.8099976,150682
2020-06-17 14:35:00-04:00,354.829895,355,354.4437866,354.6700134,181541
2020-06-17 14:40:00-04:00,354.6849976,355.0799866,354.6600037,354.6950073,192392
2020-06-17 14:45:00-04:00,354.7099915,354.9150085,354.480011,354.5409851,155263
2020-06-17 14:50:00-04:00,354.5450134,354.8699951,354.3200073,354.4599915,200449
2020-06-17 14:55:00-04:00,354.4736938,354.5799866,353.9649963,354.0799866,264519
2020-06-17 15:00:00-04:00,354,354.1300049,353.605896,354.0299988,338279
2020-06-17 15:05:00-04:00,354.0499878,354.0499878,353.3900146,353.4200134,259036
2020-06-17 15:10:00-04:00,353.4289856,353.7297974,353.2200012,353.3707886,286146
2020-06-17 15:15:00-04:00,353.3951111,353.7799988,353.0100098,353.0100098,342346
2020-06-17 15:20:00-04:00,353.0299988,353.2900085,352.2600098,352.5183105,417388
2020-06-17 15:25:00-04:00,352.5400085,352.9500122,352.0801086,352.5599976,437769
2020-06-17 15:30:00-04:00,352.5700073,353.25,352.1000061,353.0613098,410275
2020-06-17 15:35:00-04:00,353.0750122,353.0899963,352.4100037,352.7650146,333670
2020-06-17 15:40:00-04:00,352.7200012,352.8299866,351.7000122,351.9283142,487226
2020-06-17 15:45:00-04:00,351.9299927,352.4150085,351.3999939,351.574707,539845
2020-06-17 15:50:00-04:00,351.4500122,353,351.3299866,352.2049866,710167
2020-06-17 15:55:00-04:00,352.230011,352.5799866,351.0899963,351.4110107,937424
2020-06-18 09:30:00-04:00,351.4100037,353.0299988,351.3699951,352.269989,1349207
2020-06-18 09:35:00-04:00,352.2399902,352.4500122,350.8599854,351.8143005,674567
2020-06-18 09:40:00-04:00,351.769989,352.0249939,351.1499939,351.480011,445779
2020-06-18 09:45:00-04:00,351.4500122,352.4500122,351.2000122,352.3299866,468118
2020-06-18 09:50:00-04:00,352.3999939,352.7200012,351.7399902,351.8673096,456765
2020-06-18 09:55:00-04:00,351.9200134,352.0100098,351.269989,351.2900085,340099
2020-06-18 10:00:00-04:00,351.2900085,351.6099854,350.9500122,351.4400024,404676
2020-06-18 10:05:00-04:00,351.4700012,352.6799927,351.4700012,352.6799927,485710
2020-06-18 10:10:00-04:00,352.6700134,352.7900085,352.2000122,352.269989,309147
2020-06-18 10:15:00-04:00,352.2900085,352.5,351.8945007,352.0100098,334611
2020-06-18 10:20:00-04:00,352,352,351.1000061,351.4100037,302000
2020-06-18 10:25:00-04:00,351.3999939,351.7955017,351.2000122,351.4200134,275868
2020-06-18 10:30:00-04:00,351.4200134,352,350.3200073,351.8299866,539821
2020-06-18 10:35:00-04:00,351.8500061,352.5100098,351.6300049,351.668396,342267
2020-06-18 10:40:00-04:00,351.6499939,351.9198914,351.3399963,351.8200073,197157
2020-06-18 10:45:00-04:00,351.8099976,352.3099976,351.5899963,352.0499878,250822
2020-06-18 10:50:00-04:00,352.0799866,352.1849976,351.5,351.5263977,519323
2020-06-18 10:55:00-04:00,351.5299988,352.5799866,351.4356995,352.5,486103
2020-06-18 11:00:00-04:00,352.5,352.6600037,352.2799988,352.3800049,208227
2020-06-18 11:05:00-04:00,352.3900146,352.7999878,352.3699951,352.7367859,237746
2020-06-18 11:10:00-04:00,352.7399902,353.0799866,352.2999878,352.9672852,309912
2020-06-18 11:15:00-04:00,352.9599915,353.4200134,352.9500122,353.2200012,376169
2020-06-18 11:20:00-04:00,353.2200012,353.329895,352.7999878,352.8999939,292105
2020-06-18 11:25:00-04:00,352.8699951,353.1499939,352.5799866,352.6571045,259424
2020-06-18 11:30:00-04:00,352.6499939,352.8330078,352.1538086,352.269989,220751
2020-06-18 11:35:00-04:00,352.269989,352.519989,352.0899963,352.2662048,189982
2020-06-18 11:40:00-04:00,352.2799988,352.3800049,351.9700012,352.1499939,188473
2020-06-18 11:45:00-04:00,352.1300049,352.7149963,352,352.5600891,192465
2020-06-18 11:50:00-04:00,352.5599976,352.6199951,352.0582886,352.1799927,164566
2020-06-18 11:55:00-04:00,352.1700134,352.3239136,351.8299866,352.019989,159928
2020-06-18 12:00:00-04:00,351.9500122,352.1799927,351.3699951,351.6972046,242399
2020-06-18 12:05:00-04:00,351.6932983,351.9899902,351.6600952,351.9779968,158157
2020-06-18 12:10:00-04:00,351.9500122,351.9500122,351.3599854,351.480011,168598
2020-06-18 12:15:00-04:00,351.5,351.7600098,351.4500122,351.6000061,145030
2020-06-18 12:20:00-04:00,351.6199951,352.0700073,351.5862122,351.9200134,188379
2020-06-18 12:25:00-04:00,351.9299927,352.3599854,351.769989,352.1300049,191085
2020-06-18 12:30:00-04:00,352.1300049,352.3699951,351.9500122,352.1990051,168075
2020-06-18 12:35:00-04:00,352.2000122,352.4299927,351.9100037,352.0799866,145214
2020-06-18 12:40:00-04:00,352.0899963,352.2099915,351.6000061,351.6799927,174781
2020-06-18 12:45:00-04:00,351.6600037,351.8699951,351.5899963,351.7600098,138076
2020-06-18 12:50:00-04:00,351.7399902,351.8900146,351.6300049,351.7900085,134126
2020-06-18 12:55:00-04:00,351.7999878,351.8055115,351.42099,351.6099854,168857
2020-06-18 13:00:00-04:00,351.6099854,352.1000061,351.3692932,351.6149902,191895
2020-06-18 13:05:00-04:00,351.6099854,351.6300049,351.3900146,351.5,139256
2020-06-18 13:10:00-04:00,351.519989,351.6799927,351.2999878,351.5499878,113263
2020-06-18 13:15:00-04:00,351.5596924,351.8299866,351.4100037,351.6600037,156778
2020-06-18 13:20:00-04:00,351.6700134,351.7598877,351.5100098,351.6700134,93077
2020-06-18 13:25:00-04:00,351.6377869,351.7349854,351.3599854,351.6499939,142594
2020-06-18 13:30:00-04:00,351.6400146,352,351.5700073,351.8893127,132968
2020-06-18 13:35:00-04:00,351.8900146,352.1900024,351.7900085,352.1593018,138529
2020-06-18 13:40:00-04:00,352.1600037,352.3099976,352.0100098,352.2399902,108585
2020-06-18 13:45:00-04:00,352.2399902,352.269989,351.9700012,352.0201111,137586
2020-06-18 13:50:00-04:00,352.019989,352.0700073,351.8500061,351.894989,106246
2020-06-18 13:55:00-04:00,351.9200134,352.0498962,351.7900085,351.9299927,100274
2020-06-18 14:00:00-04:00,351.9400024,351.9700012,351.2099915,351.3200073,215666
2020-06-18 14:05:00-04:00,351.3399963,351.4500122,350.730011,351.0499878,287752
2020-06-18 14:10:00-04:00,351.0499878,351.1199951,350.7900085,350.8999939,168480
2020-06-18 14:15:00-04:00,350.8800049,351.0799866,350.519989,350.7796936,259562
2020-06-18 14:20:00-04:00,350.7999878,351.0100098,350.6099854,350.9100037,160631
2020-06-18 14:25:00-04:00,350.9299927,351.0499878,350.6700134,350.7833862,153823
2020-06-18 14:30:00-04:00,350.769989,351.2600098,350.4400024,350.769989,325682
2020-06-18 14:35:00-04:00,350.769989,350.8399963,350.4901123,350.6567993,201759
2020-06-18 14:40:00-04:00,350.6799927,350.7999878,350.2999878,350.5367126,228344
2020-06-18 14:45:00-04:00,350.559906,350.6600037,350.3999939,350.5100098,155897
2020-06-18 14:50:00-04:00,350.5,350.8599854,350.4797974,350.769989,203268
2020-06-18 14:55:00-04:00,350.769989,350.7799988,349.7900085,349.8456116,394432
2020-06-18 15:00:00-04:00,349.8599854,350.0499878,349.2200012,349.4728088,373186
2020-06-18 15:05:00-04:00,349.4700012,349.9299927,349.2900085,349.8699951,334359
2020-06-18 15:10:00-04:00,349.8500061,349.8599854,349.4808044,349.7449036,277782
2020-06-18 15:15:00-04:00,349.769989,350.0899963,349.6900024,349.9700012,312808
2020-06-18 15:20:00-04:00,349.980011,350.1600037,349.8099976,350.0299988,246992
2020-06-18 15:25:00-04:00,350.0400085,350.3699951,349.9500122,350.3099976,234057
2020-06-18 15:30:00-04:00,350.2850037,350.8900146,349.980011,350.5299988,375297
2020-06-18 15:35:00-04:00,350.5,350.8999939,350.4700012,350.776001,240463
2020-06-18 15:40:00-04:00,351.0400085,351.0899963,350.6799927,350.8008118,426225
2020-06-18 15:45:00-04:00,350.8200073,351.059906,350.7200012,350.9299927,269169
2020-06-18 15:50:00-04:00,350.9700012,351.8500061,350.5656128,351.7900085,666776
2020-06-18 15:55:00-04:00,351.7600098,352.1099854,351.4200134,351.5899963,848101
2020-06-19 09:30:00-04:00,354.6350098,356.230011,354.4500122,356.0299988,6124309
2020-06-19 09:35:00-04:00,356.019989,356.2000122,354.8999939,356.1893921,861564
2020-06-19 09:40:00-04:00,356.1600037,356.5599976,355.9100037,356.1000061,687719
2020-06-19 09:45:00-04:00,356.1400146,356.3699951,355.7099915,356.0299988,447877
2020-06-19 09:50:00-04:00,356.0400085,356.0499878,355.6099854,355.8399963,386118
2020-06-19 09:55:00-04:00,355.8320007,355.8699951,354.8500061,355.0100098,540224
2020-06-19 10:00:00-04:00,355.0299988,355.2999878,354.7000122,355.1499023,541075
2020-06-19 10:05:00-04:00,355.1400146,355.7900085,354.9500122,355.6950073,382130
2020-06-19 10:10:00-04:00,355.6849976,355.769989,355.1400146,355.376709,341796
2020-06-19 10:15:00-04:00,355.3599854,355.4259949,354.7600098,354.7950134,388204
2020-06-19 10:20:00-04:00,354.7799988,354.9200134,354.1199951,354.519989,445423
2020-06-19 10:25:00-04:00,354.5299988,354.769989,354.3399963,354.6795044,292954
2020-06-19 10:30:00-04:00,354.6799927,354.730011,353.9400024,354.3599854,281483
2020-06-19 10:35:00-04:00,354.3599854,354.6018066,354.1799927,354.3399963,199844
2020-06-19 10:40:00-04:00,354.3283997,354.3299866,353.6300049,354.0400085,351307
2020-06-19 10:45:00-04:00,354.0899963,354.1000061,353.3999939,353.7831116,337572
2020-06-19 10:50:00-04:00,353.769989,354.1400146,353.2600098,354.1400146,356758
2020-06-19 10:55:00-04:00,354.1221924,354.269989,353.75,354.1099854,264598
2020-06-19 11:00:00-04:00,354.1300049,354.7900085,354.1199951,354.7749939,340146
2020-06-19 11:05:00-04:00,354.7898865,355.0700073,354.5257874,354.5400085,310507
2020-06-19 11:10:00-04:00,354.5499878,354.7000122,354.0292053,354.0400085,191575
2020-06-19 11:15:00-04:00,354.0299988,354.0750122,353.8500061,353.8699951,155374
2020-06-19 11:20:00-04:00,353.6512146,354.2799988,353.6300049,353.7650146,613302
2020-06-19 11:25:00-04:00,353.7900085,353.8999939,353.3599854,353.7099915,264815
2020-06-19 11:30:00-04:00,353.6799927,353.8341064,353.3800049,353.4309998,188132
2020-06-19 11:35:00-04:00,353.4159851,353.519989,353,353.3450012,298438
2020-06-19 11:40:00-04:00,353.3599854,353.5700073,352.9715881,353.1950073,248442
2020-06-19 11:45:00-04:00,353.1799927,353.4899902,353.1300049,353.3198853,211488
2020-06-19 11:50:00-04:00,353.3089905,353.5299988,353.2099915,353.4100037,184153
2020-06-19 11:55:00-04:00,353.3800049,353.4299927,353.019989,353.2250061,201124
2020-06-19 12:00:00-04:00,353.230011,353.3399963,352.769989,352.769989,376055
2020-06-19 12:05:00-04:00,352.7753906,353.019989,352.2000122,352.4500122,354871
2020-06-19 12:10:00-04:00,352.4458008,352.7999878,349.9299927,349.9500122,1270787
2020-06-19 12:15:00-04:00,349.9500122,351.0799866,348.4899902,348.6799927,1621586
2020-06-19 12:20:00-04:00,348.6877136,350.7099915,348.1199951,348.7200012,1255008
2020-06-19 12:25:00-04:00,348.7099915,349.6304932,348.4899902,349.605011,684556
2020-06-19 12:30:00-04:00,349.5799866,350.2999878,349.4200134,349.9100037,720276
2020-06-19 12:35:00-04:00,349.9200134,350.3599854,349.3424988,349.4150085,422455
2020-06-19 12:40:00-04:00,349.3999939,350.1799927,348.8200073,349.8500061,450861
2020-06-19 12:45:00-04:00,349.8299866,350.6000061,349.5499878,350.5600891,371492
2020-06-19 12:50:00-04:00,350.5499878,351.1000061,350.4000854,350.6000061,438201
2020-06-19 12:55:00-04:00,350.5700073,351.1600037,350.2200012,350.980011,341968
2020-06-19 13:00:00-04:00,350.9664001,351.019989,349.9500122,350.3200073,347010
2020-06-19 13:05:00-04:00,350.3200073,350.5100098,349.7999878,349.8999939,260662
2020-06-19 13:10:00-04:00,349.9299927,350.4198914,349.8399963,349.9299927,266474
2020-06-19 13:15:00-04:00,349.9194031,349.9599915,349.1799927,349.3299866,353639
2020-06-19 13:20:00-04:00,349.3198853,349.4099121,348.6700134,348.7139893,435624
2020-06-19 13:25:00-04:00,348.7199097,349.1300049,348.5602112,348.6900024,403095
2020-06-19 13:30:00-04:00,348.6749878,348.7999878,347.3999939,347.5450134,713453
2020-06-19 13:35:00-04:00,347.5501099,349.1199951,347.5100098,348.9200134,699698
2020-06-19 13:40:00-04:00,348.9303894,349.0089111,348.5499878,348.8399963,298856
2020-06-19 13:45:00-04:00,348.8699951,349.2897034,347.9899902,348.3399963,541830
2020-06-19 13:50:00-04:00,348.3200073,348.6549988,347.9299927,348.0899963,286889
2020-06-19 13:55:00-04:00,348.0799866,348.5,347.1600037,347.1900024,499414
2020-06-19 14:00:00-04:00,347.1900024,347.9899902,347.1900024,347.6650085,514568
2020-06-19 14:05:00-04:00,347.6600037,347.7799988,346.230011,347.0700073,709502
2020-06-19 14:10:00-04:00,347.0419922,347.0700073,346.3500061,346.375,480567
2020-06-19 14:15:00-04:00,346.3999939,347.1300049,345.6900024,346.1600037,732530
2020-06-19 14:20:00-04:00,346.1700134,346.9500122,346.0899963,346.9400024,398469
2020-06-19 14:25:00-04:00,346.9599915,347.0299988,345.7650146,345.7999878,450716
2020-06-19 14:30:00-04:00,345.8150024,346.6799927,345.1499939,346.6300049,661414
2020-06-19 14:35:00-04:00,346.5499878,347.230011,346.3900146,346.9100037,471223
2020-06-19 14:40:00-04:00,346.9277954,346.9400024,346.286499,346.3999939,431560
2020-06-19 14:45:00-04:00,346.394989,346.8599854,346.2709961,346.4599915,461074
2020-06-19 14:50:00-04:00,346.4899902,347.25,346.2000122,347.1160889,525139
2020-06-19 14:55:00-04:00,347.1099854,347.75,346.9500122,347.3500061,744113
2020-06-19 15:00:00-04:00,347.3999939,347.4556885,346.8599854,347,611910
2020-06-19 15:05:00-04:00,346.9700012,346.9700012,346.5,346.5799866,439353
2020-06-19 15:10:00-04:00,346.5799866,347.4750061,346.1700134,347.4750061,559990
2020-06-19 15:15:00-04:00,347.4700012,348.6300049,347.4599915,348.4768066,696280
2020-06-19 15:20:00-04:00,348.4899902,348.8099976,347.9100037,348.6549988,559395
2020-06-19 15:25:00-04:00,348.6499939,348.8500061,347.7099915,347.7600098,530806
2020-06-19 15:30:00-04:00,347.7600098,348.1849976,347.6400146,348.0499878,462900
2020-06-19 15:35:00-04:00,348.0499878,348.0499878,347.5,347.6300049,497238
2020-06-19 15:40:00-04:00,347.6199951,348.5650024,347.5599976,348.5400085,632867
2020-06-19 15:45:00-04:00,348.5299988,348.8500061,347.1199951,347.2399902,916736
2020-06-19 15:50:00-04:00,347.2399902,350.3200073,347.2000122,349.6600037,2365757
2020-06-19 15:55:00-04:00,349.6600037,350.2099915,349.3800049,349.5100098,1904601
2020-06-22 09:30:00-04:00,351.3399963,353.6000061,351.1499939,353.5100098,1765805
2020-06-22 09:35:00-04:00,353.4500122,354.4200134,352.4899902,352.5750122,985170
2020-06-22 09:40:00-04:00,352.6199951,353.3999939,352.3403015,353,545474
2020-06-22 09:45:00-04:00,353.0400085,354.2799072,352.6799927,354.2349854,595985
2020-06-22 09:50:00-04:00,354.2399902,355.1300049,353.6499939,354.8699951,879441
2020-06-22 09:55:00-04:00,354.8200073,355,354.2999878,355,569428
2020-06-22 10:00:00-04:00,355,355.5899963,354.8529053,355.2449951,662164
2020-06-22 10:05:00-04:00,355.25,355.3999939,354.6600952,355.1300049,417411
2020-06-22 10:10:00-04:00,355.1499939,355.7999878,355.0599976,355.7900085,468129
2020-06-22 10:15:00-04:00,355.7799988,356.2099915,355.6300049,355.759491,574874
2020-06-22 10:20:00-04:00,355.7099915,355.9816895,355.1300049,355.3999939,354613
2020-06-22 10:25:00-04:00,355.4150085,355.4299927,354.7600098,354.9100037,355554
2020-06-22 10:30:00-04:00,354.9299927,355.2999878,354.6300049,354.7391052,298447
2020-06-22 10:35:00-04:00,354.7349854,355.1700134,354.7149963,355.1400146,261501
2020-06-22 10:40:00-04:00,355.1400146,355.1499939,354.7000122,354.9899902,185270
2020-06-22 10:45:00-04:00,355.0150146,355.3999939,354.8500061,354.9599915,304467
2020-06-22 10:50:00-04:00,354.980011,355.2999878,354.7799988,355.2219849,328952
2020-06-22 10:55:00-04:00,355.2000122,355.3099976,354.5100098,354.519989,304445
2020-06-22 11:00:00-04:00,354.5400085,354.6499939,353.8699951,354.1700134,390889
2020-06-22 11:05:00-04:00,354.1900024,354.5899963,354.125,354.3900146,210950
2020-06-22 11:10:00-04:00,354.3699951,354.8599854,354.2000122,354.5910034,278309
2020-06-22 11:15:00-04:00,354.5700073,355.2399902,354.4400024,355.1499939,308586
2020-06-22 11:20:00-04:00,355.1499939,355.5198975,354.9909973,355.3599854,264373
2020-06-22 11:25:00-04:00,355.3599854,355.5299988,355.230011,355.3399963,223413
2020-06-22 11:30:00-04:00,355.3800049,355.5714111,355.0799866,355.5219116,188553
2020-06-22 11:35:00-04:00,355.5350037,355.7000122,355.2999878,355.3399963,173555
2020-06-22 11:40:00-04:00,355.3102112,355.8349915,355.2999878,355.6300049,238218
2020-06-22 11:45:00-04:00,355.6499939,355.9299927,355.3250122,355.8200073,220039
2020-06-22 11:50:00-04:00,355.8299866,356.269989,355.769989,355.9901123,398770
2020-06-22 11:55:00-04:00,356.0498962,356.3510132,355.8999939,356.0499878,234362
2020-06-22 12:00:00-04:00,356.0498962,356.7999878,356.0447998,356.7525024,383147
2020-06-22 12:05:00-04:00,356.7633972,356.8800049,356.6000061,356.7099915,446801
2020-06-22 12:10:00-04:00,356.7055054,356.7999878,356.3864136,356.7000122,254919
2020-06-22 12:15:00-04:00,356.7049866,357.1749878,356.6799927,357.1199951,448094
2020-06-22 12:20:00-04:00,357.1199951,357.4100037,356.730011,357.2799988,422319
2020-06-22 12:25:00-04:00,357.2600098,357.3969116,357,357.1893005,240148
2020-06-22 12:30:00-04:00,357.1700134,357.3800049,356.9649963,357.2200012,236273
2020-06-22 12:35:00-04:00,357.2099915,357.3999939,356.8649902,356.9500122,240900
2020-06-22 12:40:00-04:00,356.9400024,357.0499878,356.7099915,357.0400085,211152
2020-06-22 12:45:00-04:00,357.0400085,357.2200012,356.5599976,356.6893005,262715
2020-06-22 12:50:00-04:00,356.7098083,356.875,356.4299927,356.4599915,190101
2020-06-22 12:55:00-04:00,356.4599915,357.1300049,356.4599915,357.1099854,213030
2020-06-22 13:00:00-04:00,357.1199951,357.4500122,357.0150146,357.2250061,303594
2020-06-22 13:05:00-04:00,357.2000122,357.519989,357.1950073,357.4899902,298407
2020-06-22 13:10:00-04:00,357.5100098,357.6799927,357.1101074,357.2399902,424342
2020-06-22 13:15:00-04:00,357.2200928,357.4580078,357.1000061,357.4251099,244871
2020-06-22 13:20:00-04:00,357.4200134,357.6099854,357.1400146,357.4200134,255086
2020-06-22 13:25:00-04:00,357.4200134,357.4599915,357.0499878,357.2799988,252058
2020-06-22 13:30:00-04:00,357.2799072,357.5,356.7099915,356.7955017,365892
2020-06-22 13:35:00-04:00,356.7900085,357.0899963,356.5700073,356.6499939,259914
2020-06-22 13:40:00-04:00,356.6499939,357.1499939,356.5899963,356.9599915,337585
2020-06-22 13:45:00-04:00,356.9649963,357.3800049,356.9447937,357.1900024,238652
2020-06-22 13:50:00-04:00,357.1801147,357.3299866,357.0180969,357.1600037,197714
2020-06-22 13:55:00-04:00,357.1799927,357.375,356.8200073,356.9798889,223672
2020-06-22 14:00:00-04:00,356.9599915,356.9899902,356.4200134,356.6000061,395229
2020-06-22 14:05:00-04:00,356.5620117,357.0299988,356.5499878,357.0132141,268209
2020-06-22 14:10:00-04:00,357,357.4200134,356.9801025,357.069397,330305
2020-06-22 14:15:00-04:00,357.0505981,357.2999878,356.8500061,357.1600037,242975
2020-06-22 14:20:00-04:00,357.1420898,357.3800049,356.9700012,357.3500977,159705
2020-06-22 14:25:00-04:00,357.3699951,357.5400085,357.2600098,357.4598999,270596
2020-06-22 14:30:00-04:00,357.4649963,357.7799988,357.3999939,357.6499939,338306
2020-06-22 14:35:00-04:00,357.6448975,358.0838013,357.6400146,357.9801025,605004
2020-06-22 14:40:00-04:00,358.0100098,358.0499878,357.6099854,357.75,278456
2020-06-22 14:45:00-04:00,357.7600098,358.1400146,357.7000122,358.0299988,445613
2020-06-22 14:50:00-04:00,358.0231018,358.755188,358,358.5107117,735930
2020-06-22 14:55:00-04:00,358.5452881,359.0999146,358.5100098,359.0700073,606605
2020-06-22 15:00:00-04:00,359.0499878,359.0700073,358.6400146,358.8799133,378131
2020-06-22 15:05:00-04:00,358.8500061,359.2099915,358.6700134,358.8599854,562853
2020-06-22 15:10:00-04:00,358.8559875,359.2200012,358.1900024,358.25,514879
2020-06-22 15:15:00-04:00,358.2399902,358.519989,357.6000061,357.8999939,529147
2020-06-22 15:20:00-04:00,357.8900146,358.0799866,357.2399902,357.4299927,659242
2020-06-22 15:25:00-04:00,357.4140015,357.9899902,357.4140015,357.7099915,321222
2020-06-22 15:30:00-04:00,357.7099915,358.0400085,357.5100098,357.8999939,407615
2020-06-22 15:35:00-04:00,357.8800049,358.1300049,357.480011,358.019989,352423
2020-06-22 15:40:00-04:00,358.0133057,358.3500061,357.75,358.3200073,403632
2020-06-22 15:45:00-04:00,358.309906,358.7399902,358.0899963,358.2799988,585877
2020-06-22 15:50:00-04:00,358.2600098,359.0400085,358.0499878,359.0302124,605503
2020-06-22 15:55:00-04:00,359.019989,359.4599915,358.5299988,358.8900146,1105094
2020-06-23 09:30:00-04:00,364,364.6199951,362.4299927,362.9700012,3119839
2020-06-23 09:35:00-04:00,363.0299988,363.661499,362.2701111,363.4902954,1022159
2020-06-23 09:40:00-04:00,363.4949951,364.5,363.4700012,364.4888,819748
2020-06-23 09:45:00-04:00,364.4400024,364.6700134,363.9200134,364.0787048,749017
2020-06-23 09:50:00-04:00,364.0799866,364.2999878,363.3599854,363.7199097,625372
2020-06-23 09:55:00-04:00,363.7049866,365.269989,363.7049866,365.0505981,1048453
2020-06-23 10:00:00-04:00,365.0499878,365.5799866,364.9002075,365.1109924,960437
2020-06-23 10:05:00-04:00,365.1199951,365.1600037,364.2999878,364.8100891,762472
2020-06-23 10:10:00-04:00,364.8399963,365.1300049,364.5100098,365.1004028,465916
2020-06-23 10:15:00-04:00,365.1099854,365.3200073,364.8500061,365.1600037,504934
2020-06-23 10:20:00-04:00,365.1579895,365.4635925,365.0700073,365.1643982,435510
2020-06-23 10:25:00-04:00,365.1799927,366.1000061,365.1600037,365.8200073,604922
2020-06-23 10:30:00-04:00,365.6900024,366.1600037,365.6600037,366.105011,550039
2020-06-23 10:35:00-04:00,366.1000061,366.5700073,365.9299927,366.3500977,771210
2020-06-23 10:40:00-04:00,366.3500061,366.6400146,365.8999939,365.9949951,605350
2020-06-23 10:45:00-04:00,366,366.1700134,365.3500061,365.6000061,582209
2020-06-23 10:50:00-04:00,365.5599976,366.1700134,365.4500122,365.9700012,395692
2020-06-23 10:55:00-04:00,365.9400024,365.9400024,365.3230896,365.5705872,415749
2020-06-23 11:00:00-04:00,365.5700073,365.769989,364.9200134,365.6300049,529764
2020-06-23 11:05:00-04:00,365.6499939,366.2099915,365.5499878,366.1000061,395185
2020-06-23 11:10:00-04:00,366.1000061,366.4200134,365.9601135,366.2275085,305669
2020-06-23 11:15:00-04:00,366.2237854,366.3800049,365.9301147,366.1099854,321413
2020-06-23 11:20:00-04:00,366.1400146,366.6900024,366.0450134,366.5799866,373612
2020-06-23 11:25:00-04:00,366.5744934,366.6099854,366.3599854,366.3800049,379182
2020-06-23 11:40:00-04:00,367.1149902,367.3999939,367.0899963,367.3599854,1328730
2020-06-23 11:45:00-04:00,367.355011,367.8999939,367.2900085,367.7399902,480193
2020-06-23 11:50:00-04:00,367.7464905,368.2000122,367.4500122,367.5450134,757801
2020-06-23 11:55:00-04:00,367.5444946,368.4400024,367.5100098,368.4200134,559514
2020-06-23 12:00:00-04:00,368.4100952,368.769989,368.2900085,368.4056091,626043
2020-06-23 12:05:00-04:00,368.4249878,368.7999878,368.1600037,368.3999939,579823
2020-06-23 12:10:00-04:00,368.4049988,368.5899963,368.1101074,368.3099976,445894
2020-06-23 12:15:00-04:00,368.2799988,368.9200134,368.1199951,368.8399963,454833
2020-06-23 12:20:00-04:00,368.8399963,369.0100098,368.5950012,369,452802
2020-06-23 12:25:00-04:00,368.9849854,369.3800049,368.8599854,369.269989,575036
2020-06-23 12:30:00-04:00,369.2825012,369.6499939,369.1700134,369.3500061,667479
2020-06-23 12:35:00-04:00,369.3400879,369.8099976,369.2099915,369.5899963,670017
2020-06-23 12:40:00-04:00,369.5599976,369.9400024,369.5400085,369.8916016,456770
2020-06-23 12:45:00-04:00,369.9100037,370,369.730011,369.7600098,441707
2020-06-23 12:50:00-04:00,369.7550049,369.7550049,369.1908875,369.3599854,479083
2020-06-23 12:55:00-04:00,369.3800049,369.6700134,369.3500061,369.625,347306
2020-06-23 13:00:00-04:00,369.6199951,370,369.4599915,369.9849854,452231
2020-06-23 13:05:00-04:00,369.980011,370.5398865,369.8800049,370.4649963,764064
2020-06-23 13:10:00-04:00,370.4500122,370.4899902,370.1196899,370.1300049,461871
2020-06-23 13:15:00-04:00,370.1499939,370.7200012,369.8500061,370.6300049,667252
2020-06-23 13:20:00-04:00,370.6402893,371.2000122,370.6099854,370.8164978,861166
2020-06-23 13:25:00-04:00,370.8200073,371.3999939,370.7601013,371.3754883,518725
2020-06-23 13:30:00-04:00,371.3999939,371.4500122,371.0899963,371.2593079,467879
2020-06-23 13:35:00-04:00,371.2600098,371.8999939,371.2600098,371.8649902,786795
2020-06-23 13:40:00-04:00,371.8699951,372.0499878,371.3045044,371.3729858,586056
2020-06-23 13:45:00-04:00,371.364502,372.2799988,371.1099854,372.2449951,740661
2020-06-23 13:50:00-04:00,372.2598877,372.3800049,371.0100098,371.1044006,1029583
2020-06-23 13:55:00-04:00,371.1000061,371.3649902,370.5499878,371.1400146,749250
2020-06-23 14:00:00-04:00,371.1238098,371.2698975,370.1700134,370.2600098,665130
2020-06-23 14:05:00-04:00,370.2679138,370.2999878,369.4100037,370.1600952,987759
2020-06-23 14:10:00-04:00,370.230011,370.6099854,369.2101135,369.4898987,727157
2020-06-23 14:15:00-04:00,369.4700012,370.0400085,369,369.2399902,719904
2020-06-23 14:20:00-04:00,369.269989,370.3099976,369.2601013,370.0516052,696611
2020-06-23 14:25:00-04:00,370.0657959,370.3559875,369.8374939,370.1180115,374218
2020-06-23 14:30:00-04:00,370.1239929,370.7900085,370,370.6199951,486380
2020-06-23 14:35:00-04:00,370.6400146,371.019989,370.5299988,370.75,443189
2020-06-23 14:40:00-04:00,370.7698975,370.7698975,369.9100037,370.0150146,330601
2020-06-23 14:45:00-04:00,370.3099976,370.3399963,369.5151978,369.5400085,515819
2020-06-23 14:50:00-04:00,369.5499878,370,369.1199951,369.7506104,407952
2020-06-23 14:55:00-04:00,369.7999878,370.0299988,368.9400024,368.9500122,455259
2020-06-23 15:00:00-04:00,369,369.0100098,368,368.6499939,782166
2020-06-23 15:05:00-04:00,368.6700134,369.3999939,368.4599915,369.2000122,536907
2020-06-23 15:10:00-04:00,369.2099915,369.4700012,368.5100098,369.3099976,583120
2020-06-23 15:15:00-04:00,369.3099976,369.3800049,368.6700134,368.9299927,532513
2020-06-23 15:20:00-04:00,368.938385,368.9899902,368.0499878,368.2981873,563949
2020-06-23 15:25:00-04:00,368.3099976,368.3999939,366.8099976,366.9899902,1041096
2020-06-23 15:30:00-04:00,366.9299927,367.3200073,366.269989,367.1849976,947595
2020-06-23 15:35:00-04:00,367.1600952,367.7000122,366.75,367.6600037,762443
2020-06-23 15:40:00-04:00,367.6400146,367.9500122,366.6000061,367.8999939,734079
2020-06-23 15:45:00-04:00,367.8900146,367.9500122,366.9500122,367.3599854,561552
2020-06-23 15:50:00-04:00,367.2900085,367.9500122,366.0299988,367.8500061,1241816
2020-06-23 15:55:00-04:00,367.8500061,367.8500061,366.230011,366.3699951,1295436
2020-06-24 09:30:00-04:00,365,366.1885986,364.6600037,365.3699951,1977796
2020-06-24 09:35:00-04:00,365.4599915,367.7304993,365.4599915,367.0100098,1265814
2020-06-24 09:40:00-04:00,367.0599976,368.6637878,367.0599976,368.1965027,1212473
2020-06-24 09:45:00-04:00,368.1809998,368.7900085,366.1099854,366.1199951,1152085
2020-06-24 09:50:00-04:00,366.1559143,366.6400146,364.2802124,364.704895,1141602
2020-06-24 09:55:00-04:00,364.6860046,365.6499939,363.1000061,363.4700012,1106895
2020-06-24 10:00:00-04:00,363.4899902,363.980011,362.2799988,362.6900024,973982
2020-06-24 10:05:00-04:00,362.730011,364.14151,362.730011,364.0499878,774100
2020-06-24 10:10:00-04:00,364.0499878,365.2000122,363.8400879,364.9367065,806545
2020-06-24 10:15:00-04:00,364.9200134,365.0440063,363.5604858,364.3211975,597843
2020-06-24 10:20:00-04:00,364.3450012,365.0400085,363.9508057,364.9249878,543291
2020-06-24 10:25:00-04:00,364.9500122,365.4899902,364.7000122,365.1900024,493856
2020-06-24 10:30:00-04:00,365.1499939,365.2099915,363.7099915,364.2008057,564577
2020-06-24 10:35:00-04:00,364.1839905,364.6400146,362.6900024,363.019989,677478
2020-06-24 10:40:00-04:00,363.0780029,363.9599915,362.5700073,363.9599915,690210
2020-06-24 10:45:00-04:00,363.9200134,364,362.7600098,363.2600098,703805
2020-06-24 10:50:00-04:00,363.269989,364.1600037,362.8001099,363,579448
2020-06-24 10:55:00-04:00,363.1400146,363.6700134,362.7200012,362.9599915,464203
2020-06-24 11:00:00-04:00,363.0050049,364.0799866,362.5700073,363.7399902,551390
2020-06-24 11:05:00-04:00,363.7399902,363.9200134,362.2999878,362.3210144,498634
2020-06-24 11:10:00-04:00,362.355011,362.3599854,360.9100037,360.940094,884252
2020-06-24 11:15:00-04:00,361,361.5299988,360.4599915,361.1430969,737135
2020-06-24 11:20:00-04:00,361.0900879,361.7000122,360.7399902,361.0400085,613864
2020-06-24 11:25:00-04:00,361.0599976,362.2398987,360.9700012,361.9299927,756709
2020-06-24 11:30:00-04:00,361.9299927,362.1900024,360.6300049,361.1400146,511436
2020-06-24 11:35:00-04:00,361.1149902,361.5400085,360.1099854,360.1622925,507105
2020-06-24 11:40:00-04:00,360.1799927,360.3699951,358.5700073,358.7898865,1229160
2020-06-24 11:45:00-04:00,358.7200012,359.8299866,358.5299988,358.6000061,518884
2020-06-24 11:50:00-04:00,359.25,359.7600098,359.0599976,359.6901855,490277
2020-06-24 11:55:00-04:00,359.6900024,360.0700073,359.3599854,359.980011,461149
2020-06-24 12:00:00-04:00,359.9200134,360.5447083,359.2999878,360.4219971,553898
2020-06-24 12:05:00-04:00,360.4161072,360.5,359.1700134,359.5400085,485118
2020-06-24 12:10:00-04:00,359.5650024,360.1300049,359.4100037,359.7399902,346945
2020-06-24 12:15:00-04:00,359.6900024,360.980011,359.6000061,360.9324951,480724
2020-06-24 12:20:00-04:00,360.9100037,361.4700012,360.6199951,360.6300049,510364
2020-06-24 12:25:00-04:00,360.6499939,361.6700134,360.4400024,361.5799866,431097
2020-06-24 12:30:00-04:00,361.5830078,361.6400146,360.8500977,360.9100037,328187
2020-06-24 12:35:00-04:00,360.9299927,361.3500061,360.6900024,360.8599854,302731
2020-06-24 12:40:00-04:00,360.8800049,361.5700073,360.4500122,361.3132019,411242
2020-06-24 12:45:00-04:00,361.3099976,362,361.2406921,361.4421997,435661
2020-06-24 12:50:00-04:00,361.4500122,361.9490051,361.3900146,361.8699951,309674
2020-06-24 12:55:00-04:00,361.8649902,363.249115,361.7799988,362.8959961,655777
2020-06-24 13:00:00-04:00,362.8800049,363.4200134,362.8299866,362.9999084,484773
2020-06-24 13:05:00-04:00,363.0299988,363.3900146,362.25,363.0750122,508616
2020-06-24 13:10:00-04:00,363.1000061,363.3299866,362.4400024,362.7674866,445635
2020-06-24 13:15:00-04:00,362.7600098,363.8225098,362.7000122,363.4360962,482008
2020-06-24 13:20:00-04:00,363.4220886,363.4220886,362.8099976,362.8499146,348720
2020-06-24 13:25:00-04:00,362.8500061,363.1099854,361.8500061,362,529092
2020-06-24 13:30:00-04:00,361.980011,362.2000122,361.3299866,361.5350037,445559
2020-06-24 13:35:00-04:00,361.480011,361.980011,361.3399963,361.4349976,314720
2020-06-24 13:40:00-04:00,361.4500122,361.4599915,360.7600098,360.821106,379942
2020-06-24 13:45:00-04:00,360.8299866,361.2799988,360.1499939,361.230011,499722
2020-06-24 13:50:00-04:00,361.2099915,361.230011,360.6099854,361.0700073,316788
2020-06-24 13:55:00-04:00,361.0599976,361.1149902,360.4200134,361.0499878,288050
2020-06-24 14:00:00-04:00,361.019989,361.5100098,359.2901001,359.7600098,723292
2020-06-24 14:05:00-04:00,359.7600098,360.7999878,359.5559082,360.7298889,446091
2020-06-24 14:10:00-04:00,360.7000122,360.8710022,360.3635864,360.8500061,304923
2020-06-24 14:15:00-04:00,360.7533875,361.8200073,360.7099915,361.519989,431256
2020-06-24 14:20:00-04:00,361.5000916,361.9100037,361.0325012,361.2200012,346174
2020-06-24 14:25:00-04:00,361.1799927,361.8200073,360.9299927,361.7399902,370630
2020-06-24 14:30:00-04:00,361.7242126,362.0999146,361.1600037,361.8067932,360925
2020-06-24 14:35:00-04:00,361.8102112,361.8102112,361.2301025,361.4500122,304571
2020-06-24 14:40:00-04:00,361.4599915,361.7398987,359.8999939,360,656646
2020-06-24 14:45:00-04:00,359.9299927,360.8699951,359.9200134,360.3500061,362123
2020-06-24 14:50:00-04:00,360.3500061,360.5599976,359.670105,359.980011,419061
2020-06-24 14:55:00-04:00,359.9599915,360.2991028,359.7000122,359.8250122,312180
2020-06-24 15:00:00-04:00,359.8599854,360.6600037,359.8599854,360.5321045,499380
2020-06-24 15:05:00-04:00,360.5,360.6600037,360.1350098,360.3049927,317584
2020-06-24 15:10:00-04:00,360.3049927,361.5599976,359.9200134,361.2900085,511106
2020-06-24 15:15:00-04:00,361.2799988,362.2600098,360.980011,362.1000061,549825
2020-06-24 15:20:00-04:00,362.1099854,362.3699951,361.2600098,361.3688965,490858
2020-06-24 15:25:00-04:00,361.4200134,361.8299866,360.7799988,361.2200012,365629
2020-06-24 15:30:00-04:00,361.2250061,361.7900085,360.8099976,361.1099854,427752
2020-06-24 15:35:00-04:00,361.0700073,361.3900146,360.4400024,360.8299866,334280
2020-06-24 15:40:00-04:00,360.7999878,361.8399963,360.7600098,361.730011,425266
2020-06-24 15:45:00-04:00,361.730011,361.8900146,361.0499878,361.1000061,495514
2020-06-24 15:50:00-04:00,361.0799866,361.1000061,359.7099915,359.9450073,905505
2020-06-24 15:55:00-04:00,359.9700012,360.4299927,359.5,360.0299988,1272220
2020-06-25 09:30:00-04:00,360.7000122,362.4230042,360.5499878,361.7720032,1773073
2020-06-25 09:35:00-04:00,363.2149963,363.2149963,361.2799988,361.593811,1274154
2020-06-25 09:40:00-04:00,361.6000061,361.6799927,358.4299927,359.2999878,1020685
2020-06-25 09:45:00-04:00,359.2988892,359.8900146,357.5700073,357.8299866,856065
2020-06-25 09:50:00-04:00,357.8389893,359.980011,357.769989,359.8880005,711327
2020-06-25 09:55:00-04:00,359.8999939,359.9299927,358.6499939,359.6411133,569521
2020-06-25 10:00:00-04:00,359.6300049,361.2000122,359.4500122,361.0119934,740036
2020-06-25 10:05:00-04:00,361.0360107,361.1195984,359.519989,360.1695862,514849
2020-06-25 10:10:00-04:00,360.2000122,361.6600037,359.9400024,361.4299927,501441
2020-06-25 10:15:00-04:00,361.4400024,361.829895,360.8301086,361,452092
2020-06-25 10:20:00-04:00,361.0400085,362.2000122,360.8399963,361.8900146,564010
2020-06-25 10:25:00-04:00,361.875,362.8796997,361.5306091,362.5299988,568449
2020-06-25 10:30:00-04:00,362.5400085,362.8699951,361.5100098,361.5750122,568803
2020-06-25 10:35:00-04:00,361.5899963,362.2399902,361.5899963,361.9700012,363605
2020-06-25 10:40:00-04:00,361.9700012,362.5,361.3369141,361.8349915,389561
2020-06-25 10:45:00-04:00,361.8500061,362.2200012,360.5299988,360.7200012,512076
2020-06-25 10:50:00-04:00,360.7001038,360.980011,360.1600037,360.2650146,463590
2020-06-25 10:55:00-04:00,360.2500916,361.7049866,360.2000122,361.5249939,458444
2020-06-25 11:00:00-04:00,361.5100098,361.519989,360.25,360.875,401836
2020-06-25 11:05:00-04:00,360.8500061,360.8684082,359.7200012,360.5799866,418469
2020-06-25 11:10:00-04:00,360.519989,361.269989,359.6000061,361.1260071,397716
2020-06-25 11:15:00-04:00,361.1401062,361.8839111,361,361.8399963,339593
2020-06-25 11:20:00-04:00,361.855011,361.9400024,361.0899963,361.6300049,308821
2020-06-25 11:25:00-04:00,361.6600037,361.9700012,361.3200073,361.5700073,275896
2020-06-25 11:30:00-04:00,361.6000061,361.8900146,360.4299927,360.6337891,406392
2020-06-25 11:35:00-04:00,360.6799927,361.1099854,360.2200012,361,297762
2020-06-25 11:40:00-04:00,361.0021973,361.0617065,360.25,360.9844971,262905
2020-06-25 11:45:00-04:00,360.9776917,361.4500122,360.8900146,361.3630066,243037
2020-06-25 11:50:00-04:00,361.3900146,361.5,361.0299988,361.0799866,176845
2020-06-25 11:55:00-04:00,361.1105957,361.3999939,360.9444885,361.3434143,178658
2020-06-25 12:00:00-04:00,361.3699951,362.9500122,361.3699951,362.519989,647849
2020-06-25 12:05:00-04:00,362.5325928,363.2000122,362.5325928,362.980011,522791
2020-06-25 12:10:00-04:00,362.980011,363.1000061,362.4206848,362.5509949,336602
2020-06-25 12:15:00-04:00,362.6300049,363.4500122,362.6099854,363.3800049,422298
2020-06-25 12:20:00-04:00,363.3800049,364.019989,363.230011,363.3200073,610244
2020-06-25 12:25:00-04:00,363.3099976,363.3399963,362.6000061,362.8599854,304585
2020-06-25 12:30:00-04:00,362.8599854,363.3500061,362.3201904,362.7600098,443107
2020-06-25 12:35:00-04:00,362.7399902,362.980011,362.4122009,362.7709961,255679
2020-06-25 12:40:00-04:00,362.7565002,363.4700012,362.605011,363.0636902,372194
2020-06-25 12:45:00-04:00,363.0374146,363.3399963,362.519989,362.5400085,237752
2020-06-25 12:50:00-04:00,362.5299988,362.8800049,362.4030151,362.6300049,178792
2020-06-25 12:55:00-04:00,362.6499939,362.8200073,362.1700134,362.4500122,191932
2020-06-25 13:00:00-04:00,362.4500122,362.4500122,361.3999939,361.8500061,256536
2020-06-25 13:05:00-04:00,361.8302917,362,361.5299988,361.6499939,187991
2020-06-25 13:10:00-04:00,361.6700134,361.7600098,361.3800049,361.5150146,149949
2020-06-25 13:15:00-04:00,361.5,362.3999939,361.2399902,362.3800049,251096
2020-06-25 13:20:00-04:00,362.3599854,362.6600037,362.1499939,362.2000122,214482
2020-06-25 13:25:00-04:00,362.1499939,362.3900146,361.9500122,362.1149902,140506
2020-06-25 13:30:00-04:00,362.1000061,362.2099915,361.6149902,362.0100098,171790
2020-06-25 13:35:00-04:00,362.0100098,362.7000122,361.7999878,362.5557861,224206
2020-06-25 13:40:00-04:00,362.5700073,362.6000061,362.2399902,362.4599915,138602
2020-06-25 13:45:00-04:00,362.5,362.9399109,362.5,362.8250122,176346
2020-06-25 13:50:00-04:00,362.8099976,362.8699036,362.3735962,362.434906,114919
2020-06-25 13:55:00-04:00,362.4299927,362.4693909,361.8999939,361.9599915,170277
2020-06-25 14:00:00-04:00,361.9700012,362.0499878,361.0599976,361.6400146,317833
2020-06-25 14:05:00-04:00,361.6000061,361.9500122,361.5299988,361.5299988,198558
2020-06-25 14:10:00-04:00,361.5398865,361.7999878,361.3599854,361.4500122,155015
2020-06-25 14:15:00-04:00,361.4339905,361.769989,361.3399963,361.3399963,148862
2020-06-25 14:20:00-04:00,361.3399963,361.3399963,360.4700012,360.9179993,318653
2020-06-25 14:25:00-04:00,360.9200134,361.1700134,360.8399963,361.1099854,190301
2020-06-25 14:30:00-04:00,361.0899963,361.1383057,360.25,360.2799988,310439
2020-06-25 14:35:00-04:00,360.2399902,360.6000061,360,360.4309082,566824
2020-06-25 14:40:00-04:00,360.4100037,360.9700012,360.25,360.4400024,325852
2020-06-25 14:45:00-04:00,360.4599915,360.7799988,360.230011,360.5100098,248741
2020-06-25 14:50:00-04:00,360.5100098,360.9599915,360.3900146,360.7900085,213291
2020-06-25 14:55:00-04:00,360.8200073,361.2999878,360.6600037,361.0606995,283341
2020-06-25 15:00:00-04:00,361.019989,361.519989,360.6700134,361.25,403824
2020-06-25 15:05:00-04:00,361.2399902,362.3999939,361.2399902,362.1899109,586877
2020-06-25 15:10:00-04:00,362.1726074,362.2000122,361.7000122,362.0499878,299054
2020-06-25 15:15:00-04:00,362.0408936,362.7000122,362.0257874,362.2900085,415599
2020-06-25 15:20:00-04:00,362.3200073,363.1400146,362.2799988,362.9400024,539850
2020-06-25 15:25:00-04:00,362.9549866,363.5299988,362.8599854,363.1799927,443899
2020-06-25 15:30:00-04:00,363.1799927,363.3299866,362.75,363.1000061,453584
2020-06-25 15:35:00-04:00,363.0700073,363.1499939,362.4169922,362.5899963,355344
2020-06-25 15:40:00-04:00,362.6000061,362.9299927,362.480011,362.8349915,379235
2020-06-25 15:45:00-04:00,362.8200073,363.1199951,362.5100098,362.8200073,338426
2020-06-25 15:50:00-04:00,362.8699951,364.480011,362.8699951,364.4100037,811857
2020-06-25 15:55:00-04:00,364.4299927,365,364.25,364.8500061,1296040